{
  "minecraft:recipes/decorations/crafting_table": {
    "criteria": {
      "unlock_right_away": "2024-08-25 01:49:09 +0000"
    },
    "done": true
  },
  "minecraft:adventure/adventuring_time": {
    "criteria": {
      "minecraft:deep_cold_ocean": "2024-08-25 17:01:48 +0000",
      "minecraft:cold_ocean": "2024-08-25 17:02:39 +0000",
      "minecraft:snowy_slopes": "2024-08-25 17:03:36 +0000",
      "minecraft:taiga": "2024-08-25 17:02:18 +0000",
      "minecraft:deep_frozen_ocean": "2024-08-25 17:02:01 +0000",
      "minecraft:sunflower_plains": "2024-08-25 01:49:10 +0000",
      "minecraft:stony_shore": "2024-08-25 17:02:37 +0000",
      "minecraft:snowy_plains": "2024-08-25 17:04:05 +0000",
      "minecraft:jagged_peaks": "2024-08-25 17:04:36 +0000"
    },
    "done": false
  },
  "minecraft:recipes/transportation/mangrove_boat": {
    "criteria": {
      "in_water": "2024-08-25 17:02:05 +0000"
    },
    "done": true
  },
  "minecraft:recipes/transportation/acacia_boat": {
    "criteria": {
      "in_water": "2024-08-25 17:02:05 +0000"
    },
    "done": true
  },
  "minecraft:recipes/transportation/cherry_boat": {
    "criteria": {
      "in_water": "2024-08-25 17:02:05 +0000"
    },
    "done": true
  },
  "minecraft:recipes/transportation/bamboo_raft": {
    "criteria": {
      "in_water": "2024-08-25 17:02:05 +0000"
    },
    "done": true
  },
  "minecraft:recipes/transportation/spruce_boat": {
    "criteria": {
      "in_water": "2024-08-25 17:02:05 +0000"
    },
    "done": true
  },
  "minecraft:recipes/transportation/birch_boat": {
    "criteria": {
      "in_water": "2024-08-25 17:02:05 +0000"
    },
    "done": true
  },
  "minecraft:recipes/transportation/oak_boat": {
    "criteria": {
      "in_water": "2024-08-25 17:02:05 +0000"
    },
    "done": true
  },
  "minecraft:recipes/transportation/jungle_boat": {
    "criteria": {
      "in_water": "2024-08-25 17:02:05 +0000"
    },
    "done": true
  },
  "minecraft:recipes/transportation/dark_oak_boat": {
    "criteria": {
      "in_water": "2024-08-25 17:02:05 +0000"
    },
    "done": true
  },
  "DataVersion": 3955
}